"name","value"
"panel_rows","7845"
"panel_sites","50"
"panel_years","5"
"panel_cells","250"
"cell_n_min","6"
"cell_n_max","134"
"tanf_zero_cells","157"
"cells_under_10","21"
"a_cells","50"
"median_n_2024","23.5"
"boundary_2024","0"
"s001_theta_raw","0.111"
"s001_se_raw","0.105"
"s001_n","9"
"top_site","S005"
"top_p","0.88"
"top_overlap","23"
"other_sites","49"
"all_cells","250"
"boundary_all","2"
"s001_cov_frpm_snap","-0.002743"
"s028_cov_frpm_snap","0.0033"
"s028_n","26"
"s001_p_frpm","0.1111"
"s001_p_snap","0.2222"
"s001_p_joint","0"
"s001_sur_check","-0.002743"
"c_s001_rank","1"
"c_s001_support","2"
"d0_max_abs_diff","0"
"frechet_sites","50"
"frechet_at_edge","13"
"tau2","0.0206"
"mu","0.715"
"lam_min","0.4"
"lam_max","0.89"
"spearman","0.988"
"top10_stay","8"
"leaver_1","S031:8>13"
"leaver_2","S014:10>14"
"mover_top","S001:50>45"
"leaver_1_n","12"
"leaver_2_n","14"
"mover_top_n","9"
"grand_mean_p","0.43"
