"package","version","role"
"cli","3.6.6","runtime dependency closure"
"covr","3.6.5","validation or optional figure/smoothing tool"
"digest","0.6.39","validation or optional figure/smoothing tool"
"ggplot2","4.0.3","validation or optional figure/smoothing tool"
"glue","1.8.1","runtime dependency closure"
"graphics","4.6.0","runtime dependency closure"
"grDevices","4.6.0","runtime dependency closure"
"grid","4.6.0","runtime dependency closure"
"jsonlite","2.0.0","validation or optional figure/smoothing tool"
"lattice","0.22-9","runtime dependency closure"
"lifecycle","1.0.5","runtime dependency closure"
"magrittr","2.0.5","runtime dependency closure"
"Matrix","1.7-5","runtime dependency closure"
"methods","4.6.0","runtime dependency closure"
"mgcv","1.9-4","validation or optional figure/smoothing tool"
"patchwork","1.3.2","validation or optional figure/smoothing tool"
"pillar","1.11.1","runtime dependency closure"
"pkgconfig","2.0.3","runtime dependency closure"
"rlang","1.3.0","runtime dependency closure"
"scales","1.4.0","validation or optional figure/smoothing tool"
"sitemix","0.3.1","package"
"stats","4.6.0","runtime dependency closure"
"survey","4.5","validation or optional figure/smoothing tool"
"testthat","3.3.2","validation or optional figure/smoothing tool"
"tibble","3.3.1","runtime dependency closure"
"utf8","1.2.6","runtime dependency closure"
"utils","4.6.0","runtime dependency closure"
"vctrs","0.7.3","runtime dependency closure"
